Latitude,Longitude,sqm_value2,C1,C2,profile
29.872435959343097,-82.54461518741614,16,0,0.03,profile_1
29.872082430848547,-82.54440061069495,16,0,0.03,profile_1
29.871970790011016,-82.54425040699012,16,0,0.03,profile_1
29.871914969545397,-82.54405728794104,16,0,0.03,profile_1
29.871840542209306,-82.54373542285926,16,0,0.03,profile_1
29.871821935366608,-82.54362813449866,16,0,0.03,profile_1
29.871840542209306,-82.543327727089,16,0,0.03,profile_1
29.872008003637404,-82.54307023502356,16,0,0.03,profile_1
29.872175464784377,-82.5427698276139,16,0,0.03,profile_1
29.87305783465413,-82.54240553056975,16,0,0.03,profile_1
29.87339275314205,-82.54246990358611,16,0,0.03,profile_1
29.877690773915948,-82.5432423797824,16,0,0.03,profile_1
29.87726284075622,-82.54322092211028,16,0,0.03,profile_1
29.876983752923667,-82.54317800676604,16,0,0.03,profile_1
29.87670466431012,-82.54311363374968,16,0,0.03,profile_1
29.876593028646035,-82.54311363374968,16,0,0.03,profile_1
29.876295332930884,-82.54302780306121,16,0,0.03,profile_1
29.875885999871674,-82.54300634538909,16,0,0.03,profile_1
29.87551387745096,-82.54287759935637,16,0,0.03,profile_1
29.875137887659974,-82.54283468401213,16,0,0.03,profile_1
29.874765762448074,-82.54272739565154,16,0,0.03,profile_1
29.87461691197458,-82.54270593797942,16,0,0.03,profile_1
29.874244784818984,-82.5426844803073,16,0,0.03,profile_1
29.873891262735217,-82.5426844803073,16,0,0.03,profile_1
29.873500526342777,-82.54259864961882,16,0,0.03,profile_1
29.873053968591464,-82.54255573427459,16,0,0.03,profile_1
29.872570195438218,-82.54238407289763,16,0,0.03,profile_1
29.8720492063416,-82.54227678453704,16,0,0.03,profile_1
29.871714283342623,-82.54225532686492,16,0,0.03,profile_1
29.871323538422562,-82.5422338691928,16,0,0.03,profile_1
29.87185325168899,-82.54507131014563,16,0,0.03,profile_1
29.871871858525846,-82.54474944506384,16,0,0.03,profile_1
29.871834644848665,-82.54438466463782,16,0,0.03,profile_1
29.871760217452646,-82.54429883394934,16,0,0.03,profile_1
29.871611362494022,-82.54397696886755,16,0,0.03,profile_1
29.871574148719667,-82.54369801913,16,0,0.03,profile_1
29.87124777778568,-82.54303283129431,16,0,0.03,profile_1
29.871564095460144,-82.54354781542517,16,0,0.03,profile_1
29.871396633286835,-82.54329032335974,16,0,0.03,profile_1
29.87126638473547,-82.54301137362219,16,0,0.03,profile_1
29.871080315081358,-82.54271096621252,16,0,0.03,profile_1
29.87083842401216,-82.54251784716345,16,0,0.03,profile_1
29.870561430714943,-82.54219598208167,16,0,0.03,profile_1
29.870300931261166,-82.54215306673743,16,0,0.03,profile_1
29.869527085053388,-82.54189998920867,16,0,0.03,profile_1
29.870048087322115,-82.5420501929135,16,0,0.03,profile_1
29.870699336331725,-82.54207165058563,16,0,0.03,profile_1
29.87140640187129,-82.54207165058563,16,0,0.03,profile_1
29.869527085053388,-82.54153520878265,16,0,0.03,profile_1
29.870420230133906,-82.54172832783172,16,0,0.03,profile_1
29.870952643541646,-82.54177124317596,16,0,0.03,profile_1
29.87126896215195,-82.54182488735626,16,0,0.03,profile_1
29.871538762526967,-82.5418678027005,16,0,0.03,profile_1
29.87188298953221,-82.54194290455291,16,0,0.03,profile_1
29.872134181462044,-82.54202873524139,16,0,0.03,profile_1
29.87239467612858,-82.5420501929135,16,0,0.03,profile_1
29.872673776802127,-82.54212529476592,16,0,0.03,profile_1
29.872878450133076,-82.54213602360198,16,0,0.03,profile_1
29.873365261364896,-82.54220762012166,16,0,0.03,profile_1
29.87364435932274,-82.54223980662984,16,0,0.03,profile_1
29.873951366174385,-82.54232563731831,16,0,0.03,profile_1
29.874211856095357,-82.54236855266255,16,0,0.03,profile_1
29.874481648510628,-82.54239001033467,16,0,0.03,profile_1
29.874742137046727,-82.54241146800679,16,0,0.03,profile_1
29.875011928027664,-82.54249729869527,16,0,0.03,profile_1
29.87798554093333,-82.54301228282613,16,0,0.03,profile_1
29.877799483813337,-82.542990825154,16,0,0.03,profile_1
29.877555712081264,-82.54288353679341,16,0,0.03,profile_1
29.877281425556784,-82.54287280795735,16,0,0.03,profile_1
29.877058155394824,-82.54286207912129,16,0,0.03,profile_1
29.876844187687254,-82.54282989261311,16,0,0.03,profile_1
29.876723249214695,-82.54282989261311,16,0,0.03,profile_1
29.876583704641064,-82.54278697726888,16,0,0.03,profile_1
29.87642555388824,-82.54273333308858,16,0,0.03,profile_1
29.87621158482349,-82.54266896007222,16,0,0.03,profile_1
29.876031459568644,-82.54267968890828,16,0,0.03,profile_1
29.875780277453273,-82.54263677356404,16,0,0.03,profile_1
29.87565003462589,-82.54262604472798,16,0,0.03,profile_1
29.875510488550685,-82.54256167171162,16,0,0.03,profile_1
29.875628161710637,-82.54246511218709,16,0,0.03,profile_1
29.875730495397477,-82.54235782382649,16,0,0.03,profile_1
29.876028192798564,-82.54227199313802,16,0,0.03,profile_1
29.876358091962132,-82.54195590517189,16,0,0.03,profile_1
29.876386000955613,-82.54173059961464,16,0,0.03,profile_1
29.876395303951707,-82.54156966707374,16,0,0.03,profile_1
29.876395303951707,-82.54135509035255,16,0,0.03,profile_1
29.876386000955613,-82.54111905595924,16,0,0.03,profile_1
29.876153425771317,-82.5408030755361,16,0,0.03,profile_1
29.876268772456335,-82.54095173035537,16,0,0.03,profile_1
29.876092015157962,-82.54068350945388,16,0,0.03,profile_1
29.875924560586345,-82.54061913643753,16,0,0.03,profile_1
29.875775711842206,-82.54060840760147,16,0,0.03,profile_1
29.87741551815808,-82.54264688645279,16,0,0.03,profile_1
29.87729458037833,-82.54251814042007,16,0,0.03,profile_1
29.877192248296307,-82.5424323097316,16,0,0.03,profile_1
29.877108521969284,-82.54236793671524,16,0,0.03,profile_1
29.877015492634598,-82.54226064835464,16,0,0.03,profile_1
29.87692246321313,-82.54212117348587,16,0,0.03,profile_1
29.87684803961349,-82.54194951210891,16,0,0.03,profile_1
29.876801524835493,-82.54170274887954,16,0,0.03,profile_1
29.876689889279824,-82.54152035866653,16,0,0.03,profile_1
29.876455086948702,-82.54105881458962,16,0,0.03,profile_1
29.87641631253027,-82.54071008903861,16,0,0.03,profile_1
29.876323282549908,-82.540420410465,16,0,0.03,profile_1
29.876286070533464,-82.54008781654716,16,0,0.03,profile_1
29.87629537353887,-82.53974449379325,16,0,0.03,profile_1
29.876351191553127,-82.5395728324163,16,0,0.03,profile_1
29.805747057236637,-82.51364818563438,16,0,0.03,profile_1
29.805002288190344,-82.51386276235557,16,0,0.03,profile_1
29.804406468960533,-82.51407733907676,16,0,0.03,profile_1
29.803959602209076,-82.51454940786338,16,0,0.03,profile_1
29.803512733461268,-82.51510730733848,16,0,0.03,profile_1
29.80287966598456,-82.51549354543663,16,0,0.03,profile_1
29.802432792412315,-82.51549354543663,16,0,0.03,profile_1
29.802172115239948,-82.51510730733848,16,0,0.03,profile_1
29.802842426596445,-82.51493564596153,16,0,0.03,profile_1
29.803103102022057,-82.51489273061729,16,0,0.03,profile_1
29.802916905358796,-82.51420608510948,16,0,0.03,profile_1
29.802470031952915,-82.514120254421,16,0,0.03,profile_1
29.805802914691547,-82.51349798192955,16,0,0.03,profile_1
29.80528157723258,-82.51370978964599,16,0,0.03,profile_1
29.804816095062282,-82.51362395895751,16,0,0.03,profile_1
29.80451818533647,-82.5137312473181,16,0,0.03,profile_1
29.804201655280597,-82.5137312473181,16,0,0.03,profile_1
29.803866504717913,-82.51370978964599,16,0,0.03,profile_1
29.803549972599836,-82.51370978964599,16,0,0.03,profile_1
29.80328929833874,-82.51390290869506,16,0,0.03,profile_1
29.802749328065534,-82.51403165472777,16,0,0.03,profile_1
29.80233969350017,-82.51396728171142,16,0,0.03,profile_1
29.80204177639903,-82.51390290869506,16,0,0.03,profile_1
29.801967296985115,-82.51358104361327,16,0,0.03,profile_1
29.80237693307542,-82.51358104361327,16,0,0.03,profile_1
29.80280518719448,-82.51351667059691,16,0,0.03,profile_1
29.803214819853658,-82.51343083990844,16,0,0.03,profile_1
29.8036430703856,-82.51343083990844,16,0,0.03,profile_1
29.804164416384644,-82.51332355154784,16,0,0.03,profile_1
29.8046112822211,-82.51332355154784,16,0,0.03,profile_1
29.804983668893136,-82.5132806362036,16,0,0.03,profile_1
29.80557948468473,-82.51330209387572,16,0,0.03,profile_1
29.80638010656574,-82.51319480551513,16,0,0.03,profile_1
29.80597048686913,-82.51302314413817,16,0,0.03,profile_1
29.805876874099173,-82.5130446018103,16,0,0.03,profile_1
29.805560348342915,-82.51302314413817,16,0,0.03,profile_1
29.805206583077023,-82.51306605948241,16,0,0.03,profile_1
29.804871435881484,-82.51302314413817,16,0,0.03,profile_1
29.804536287562982,-82.51308751715453,16,0,0.03,profile_1
29.804219757564393,-82.51298022879394,16,0,0.03,profile_1
29.803772484395356,-82.51280833371403,16,0,0.03,profile_1
29.80354904985302,-82.51263667233708,16,0,0.03,profile_1
29.80338147361876,-82.51248646863225,16,0,0.03,profile_1
29.803009080981955,-82.51237918027165,16,0,0.03,profile_1
29.802673926423527,-82.51222897656682,16,0,0.03,profile_1
29.802320150949182,-82.51212168820622,16,0,0.03,profile_1
29.80207136060207,-82.51214314587834,16,0,0.03,profile_1
29.801736202901893,-82.5119929421735,16,0,0.03,profile_1
29.801531383754554,-82.51173545010808,16,0,0.03,profile_1
29.802741672633704,-82.5131087411237,16,0,0.03,profile_1
29.802778912059324,-82.51278687604191,16,0,0.03,profile_1
29.80279753176693,-82.51267958768132,16,0,0.03,profile_1
29.80270443319423,-82.51244355328801,16,0,0.03,profile_1
29.80251823578889,-82.51240063794377,16,0,0.03,profile_1
29.802294798445025,-82.51237918027165,16,0,0.03,profile_1
29.801996881210187,-82.51240063794377,16,0,0.03,profile_1
29.801624483418962,-82.51248646863225,16,0,0.03,profile_1
29.80215509668378,-82.51527596600774,16,0,0.03,profile_1
29.80178269948155,-82.51506138928654,16,0,0.03,profile_1
29.801652360133254,-82.51469660886052,16,0,0.03,profile_1
29.801061177456607,-82.51437474377873,16,0,0.03,profile_1
29.80150805715605,-82.51461077817204,16,0,0.03,profile_1
29.800858503074057,-82.51454640515568,16,0,0.03,profile_1
29.80139848355358,-82.51368809827092,16,0,0.03,profile_1
29.801044703568646,-82.51398850568059,16,0,0.03,profile_1
29.801044703568646,-82.51433182843449,16,0,0.03,profile_1
29.800839883005526,-82.51392413266423,16,0,0.03,profile_1
29.80078402277917,-82.51437474377873,16,0,0.03,profile_1
29.800393000321336,-82.51392413266423,16,0,0.03,profile_1
29.8003185196799,-82.51441765912297,16,0,0.03,profile_1
29.799983356107223,-82.5140099633527,16,0,0.03,profile_1
29.79985011094222,-82.51441765912297,16,0,0.03,profile_1
29.79945908483414,-82.51441765912297,16,0,0.03,profile_1
29.79908667759605,-82.51441765912297,16,0,0.03,profile_1
29.799682528511614,-82.5140099633527,16,0,0.03,profile_1
29.79929150174854,-82.51403142102482,16,0,0.03,profile_1
29.79897495515431,-82.51398850568059,16,0,0.03,profile_1
29.79149285391797,-82.51538325436833,16,0,0.03,profile_1
29.791027307592124,-82.51551200040105,16,0,0.03,profile_1
29.790631562197643,-82.51549054272893,16,0,0.03,profile_1
29.790184633920184,-82.51544762738469,16,0,0.03,profile_1
29.78979357004024,-82.51540471204045,16,0,0.03,profile_1
29.78955148211072,-82.51536179669621,16,0,0.03,profile_1
29.788893541496144,-82.51538325436833,16,0,0.03,profile_1
29.78873444300764,-82.51522138980287,16,0,0.03,profile_1
29.788324751063982,-82.51509264377016,16,0,0.03,profile_1
29.787677398446803,-82.51498535540956,16,0,0.03,profile_1
29.787249079578906,-82.5149209823932,16,0,0.03,profile_1
29.78662272955335,-82.5146849479999,16,0,0.03,profile_1
29.79198146594747,-82.51505487004724,16,0,0.03,profile_1
29.79162765266476,-82.515011954703,16,0,0.03,profile_1
29.791385569171663,-82.51496903935876,16,0,0.03,profile_1
29.791050375676022,-82.51494758168664,16,0,0.03,profile_1
29.790696559101573,-82.51503341237512,16,0,0.03,profile_1
29.790268253153677,-82.515011954703,16,0,0.03,profile_1
29.789858567488384,-82.51496903935876,16,0,0.03,profile_1
29.789523368878513,-82.51494758168664,16,0,0.03,profile_1
29.788807036579808,-82.51473300496545,16,0,0.03,profile_1
29.78842660987955,-82.51477592030969,16,0,0.03,profile_1
29.78792380435025,-82.51464717427697,16,0,0.03,profile_1
29.787625844326193,-82.51453988591638,16,0,0.03,profile_1
29.787383751153538,-82.5144540552279,16,0,0.03,profile_1
29.78695543102909,-82.5143849044681,16,0,0.03,profile_1
29.692021537092,-82.44998184501205,16,0,0.03,profile_1
29.69174193234587,-82.4498101836351,16,0,0.03,profile_1
29.691238641842222,-82.44955269156966,16,0,0.03,profile_1
29.690791270389425,-82.44944540320907,16,0,0.03,profile_1
29.6904524305812,-82.44921890785332,16,0,0.03,profile_1
29.690210102728894,-82.44904724647637,16,0,0.03,profile_1
29.689967774292217,-82.44896141578789,16,0,0.03,profile_1
29.6894644749027,-82.44893995811577,16,0,0.03,profile_1
29.689091658914958,-82.44883266975518,16,0,0.03,profile_1
29.69157085925,-82.4490901618206,16,0,0.03,profile_1
29.691440376546737,-82.4487468390667,16,0,0.03,profile_1
29.691235331956428,-82.44857517768975,16,0,0.03,profile_1
29.691142129731602,-82.4488541274273,16,0,0.03,profile_1
29.690899803542507,-82.44851080467339,16,0,0.03,profile_1
29.69058291456732,-82.44855372001763,16,0,0.03,profile_1
29.690697470098836,-82.44788853218193,16,0,0.03,profile_1
29.690234531412248,-82.44814876106904,16,0,0.03,profile_1
29.689843077588474,-82.44784835365937,16,0,0.03,profile_1
29.689526185280954,-82.44739774254487,16,0,0.03,profile_1
29.689204139349986,-82.44707587746308,16,0,0.03,profile_1
29.68896180848751,-82.446882758414,16,0,0.03,profile_1
29.688458504059835,-82.44645818415317,16,0,0.03,profile_1
29.68791791501508,-82.44585828636488,16,0,0.03,profile_1
29.68754509328998,-82.44551496361098,16,0,0.03,profile_1
29.687246834914113,-82.4453218445619,16,0,0.03,profile_1
29.687004499331973,-82.44506435249647,16,0,0.03,profile_1
29.68674352189773,-82.44480686043104,16,0,0.03,profile_1
29.68644526114306,-82.44435624931654,16,0,0.03,profile_1
29.68862627248247,-82.4484538837121,16,0,0.03,profile_1
29.68862627248247,-82.4481105609582,16,0,0.03,profile_1
29.68860763156045,-82.44781015354853,16,0,0.03,profile_1
29.688533067837803,-82.44763849217158,16,0,0.03,profile_1
29.6884398631067,-82.44735954243403,16,0,0.03,profile_1
29.688309376337934,-82.4471020503686,16,0,0.03,profile_1
29.688197530401283,-82.44669435459834,16,0,0.03,profile_1
29.68797383815456,-82.44639394718867,16,0,0.03,profile_1
29.687656939952728,-82.4459862514184,16,0,0.03,profile_1
29.68739596421269,-82.4456429286645,16,0,0.03,profile_1
29.686874010699555,-82.44521377522211,16,0,0.03,profile_1
29.68655710902978,-82.44482753712397,16,0,0.03,profile_1
29.690009401674175,-82.44856059893915,16,0,0.03,profile_1
29.690009401674175,-82.44823873385737,16,0,0.03,profile_1
29.689934838991597,-82.44800269946406,16,0,0.03,profile_1
29.691090554354442,-82.44753063067743,16,0,0.03,profile_1
29.69084822804096,-82.44733751162836,16,0,0.03,profile_1
29.690717744399354,-82.44714439257929,16,0,0.03,profile_1
29.69056862003004,-82.44695127353022,16,0,0.03,profile_1
29.690400854850036,-82.44673669680903,16,0,0.03,profile_1
29.690251730010477,-82.44650066241572,16,0,0.03,profile_1
29.690065323649797,-82.44624317035029,16,0,0.03,profile_1
29.689972120339807,-82.4459213052685,16,0,0.03,profile_1
29.689729791329246,-82.44568527087519,16,0,0.03,profile_1
29.689468820972053,-82.44540632113764,16,0,0.03,profile_1
29.689319694749376,-82.44519174441645,16,0,0.03,profile_1
29.689189209123008,-82.44482696399042,16,0,0.03,profile_1
29.68909600500044,-82.44441926822016,16,0,0.03,profile_1
29.68842493276617,-82.44444072589228,16,0,0.03,profile_1
29.688052112921955,-82.44441926822016,16,0,0.03,profile_1
29.687735214966946,-82.44426906451532,16,0,0.03,profile_1
29.687548803938398,-82.44426906451532,16,0,0.03,profile_1
29.687213263215696,-82.44416177615473,16,0,0.03,profile_1
29.686677323824327,-82.44377821798128,16,0,0.03,profile_1
29.68623646910525,-82.4432417761783,16,0,0.03,profile_1
29.688454766886792,-82.44478672857088,16,0,0.03,profile_1
29.688081947153247,-82.4447008978824,16,0,0.03,profile_1
29.687876895710275,-82.44463652486604,16,0,0.03,profile_1
29.68741589818679,-82.44433611745637,16,0,0.03,profile_1
29.687024433383716,-82.44431465978425,16,0,0.03,profile_1
29.686614325764108,-82.44384259099763,16,0,0.03,profile_1
29.686445224791406,-82.44463652486604,16,0,0.03,profile_1
29.686202887276412,-82.44448632116121,16,0,0.03,profile_1
29.686035114808355,-82.4442502867679,16,0,0.03,profile_1
29.68575549340591,-82.4440357100467,16,0,0.03,profile_1
29.685457229719187,-82.44375676030916,16,0,0.03,profile_1
29.685121682013648,-82.44352072591585,16,0,0.03,profile_1
29.68496408039747,-82.44322031850618,16,0,0.03,profile_1
29.68468445601536,-82.44281262273591,16,0,0.03,profile_1
29.68433026401462,-82.44244784230989,16,0,0.03,profile_1
29.68403199609856,-82.44221180791658,16,0,0.03,profile_1
29.686157135687438,-82.44326730314835,16,0,0.03,profile_1
29.685840231757293,-82.44307418409927,16,0,0.03,profile_1
29.68550468533039,-82.4428810650502,16,0,0.03,profile_1
29.68533691169686,-82.44273086134537,16,0,0.03,profile_1
29.685057288351977,-82.44247336927994,16,0,0.03,profile_1
29.68481494749049,-82.44225879255875,16,0,0.03,profile_1
29.684479397640743,-82.44182963911636,16,0,0.03,profile_1
29.68419977191025,-82.44146485869034,16,0,0.03,profile_1
29.683882861808623,-82.44118590895279,16,0,0.03,profile_1
29.68341681572644,-82.44079967085464,16,0,0.03,profile_1
29.683960364173544,-82.4420871311818,16,0,0.03,profile_1
29.6836434533171,-82.44182963911636,16,0,0.03,profile_1
29.68339087340481,-82.44137902800186,16,0,0.03,profile_1
29.683092602701244,-82.44135757032974,16,0,0.03,profile_1
29.682670918154216,-82.44085073685716,16,0,0.03,profile_1
29.68201844516741,-82.4403115356844,16,0,0.03,profile_1
29.681738812590908,-82.4399682129305,16,0,0.03,profile_1
29.683174251564598,-82.44056902774983,16,0,0.03,profile_1
29.68296919010906,-82.440418824045,16,0,0.03,profile_1
29.682764128235174,-82.43994675525838,16,0,0.03,profile_1
29.682372645314317,-82.43962489017659,16,0,0.03,profile_1
29.662738543651106,-82.42114636005347,16,0,0.03,profile_1
29.662421565907437,-82.42088886798804,16,0,0.03,profile_1
29.662216462129344,-82.42067429126685,16,0,0.03,profile_1
29.662123233001072,-82.42052408756201,16,0,0.03,profile_1
29.662011357933103,-82.42024513782447,16,0,0.03,profile_1
29.66180625331871,-82.42003056110327,16,0,0.03,profile_1
29.661642649136102,-82.4197301536936,16,0,0.03,profile_1
29.66153077353371,-82.41951557697242,16,0,0.03,profile_1
29.66140025184036,-82.41925808490699,16,0,0.03,profile_1
29.661251083983466,-82.41900059284156,16,0,0.03,profile_1
29.661045977819125,-82.418721643104,16,0,0.03,profile_1
29.660878163373642,-82.41859289707129,16,0,0.03,profile_1
29.660766286921152,-82.41835686267798,16,0,0.03,profile_1
29.660784933005203,-82.41819307703821,16,0,0.03,profile_1
29.66057982589055,-82.41791412730066,16,0,0.03,profile_1
29.660449302963507,-82.41763517756311,16,0,0.03,profile_1
29.660244195164626,-82.41752788920252,16,0,0.03,profile_1
29.660076379381806,-82.4173991431698,16,0,0.03,profile_1
29.659945855801656,-82.41731331248133,16,0,0.03,profile_1
29.662183379460508,-82.42091820139734,16,0,0.03,profile_1
29.662071504459426,-82.42074654002039,16,0,0.03,profile_1
29.661810462306416,-82.4205319632992,16,0,0.03,profile_1
29.66153077353371,-82.4204246749386,16,0,0.03,profile_1
29.66130702195572,-82.42025301356165,16,0,0.03,profile_1
29.661064623851345,-82.42003843684046,16,0,0.03,profile_1
29.66074764083364,-82.41984531779138,16,0,0.03,profile_1
29.660542533642953,-82.41960928339807,16,0,0.03,profile_1
29.660244195164626,-82.41937324900476,16,0,0.03,profile_1
29.660039086947606,-82.41909429926721,16,0,0.03,profile_1
29.659815332052172,-82.41887972254602,16,0,0.03,profile_1
29.662873272551447,-82.42196962733118,16,0,0.03,profile_1
29.66255629523229,-82.42171213526575,16,0,0.03,profile_1
29.662425774869398,-82.42158338923304,16,0,0.03,profile_1
29.662164733635635,-82.42136881251184,16,0,0.03,profile_1
29.66194098346758,-82.42119715113489,16,0,0.03,profile_1
29.66171723280191,-82.42104694743006,16,0,0.03,profile_1
29.66153077353371,-82.4208752860531,16,0,0.03,profile_1
29.66138160587034,-82.42068216700403,16,0,0.03,profile_1
29.661139207945656,-82.4204246749386,16,0,0.03,profile_1
29.66085951730686,-82.42023155588953,16,0,0.03,profile_1
29.66071034864825,-82.42005989451258,16,0,0.03,profile_1
29.660505241381543,-82.41984531779138,16,0,0.03,profile_1
29.660244195164626,-82.41969511408655,16,0,0.03,profile_1
29.660039086947606,-82.41956636805384,16,0,0.03,profile_1
29.659871270822684,-82.4193088759884,16,0,0.03,profile_1
29.65970345441785,-82.41918012995569,16,0,0.03,profile_1
29.659423759787792,-82.41898701090662,16,0,0.03,profile_1
29.65921864989827,-82.41892263789026,16,0,0.03,profile_1
29.659020580608406,-82.41866514582483,16,0,0.03,profile_1
29.658666298207883,-82.41864368815271,16,0,0.03,profile_1
29.658229339915714,-82.41879389185755,16,0,0.03,profile_1
29.65806152077233,-82.41912637692906,16,0,0.03,profile_1
29.65845543797852,-82.41953407269932,16,0,0.03,profile_1
29.658847014011343,-82.41968427640415,16,0,0.03,profile_1
29.65918264939802,-82.41968427640415,16,0,0.03,profile_1
29.659219942149647,-82.42000614148594,16,0,0.03,profile_1
29.658921599749583,-82.41994176846958,16,0,0.03,profile_1
29.658436791462755,-82.41977010709263,16,0,0.03,profile_1
29.657755334797212,-82.41936241132237,16,0,0.03,profile_1
29.657475634751826,-82.41880238774925,16,0,0.03,profile_1
29.657419694649455,-82.41830886129051,16,0,0.03,profile_1
29.657363754515988,-82.41783679250389,16,0,0.03,profile_1
29.6568479471268,-82.41692136460578,16,0,0.03,profile_1
29.658100762117012,-82.41769285269555,16,0,0.03,profile_1
29.658958501130215,-82.41803617544946,16,0,0.03,profile_1
29.658070852081302,-82.41730661459741,16,0,0.03,profile_1
29.65773521298599,-82.41719932623681,16,0,0.03,profile_1
29.657418219479098,-82.41689891882714,16,0,0.03,profile_1
29.65698934432144,-82.41644830771264,16,0,0.03,profile_1
29.656784229469444,-82.41610498495874,16,0,0.03,profile_1
29.656541820468952,-82.41593332358178,16,0,0.03,profile_1
29.656467232966694,-82.41656758499526,16,0,0.03,profile_1
29.620985257714956,-82.38899701637273,16,0,0.03,profile_1
29.62064949498533,-82.3888468126679,16,0,0.03,profile_1
29.62036969185607,-82.3887395243073,16,0,0.03,profile_1
29.619903351580927,-82.38858932060246,16,0,0.03,profile_1
29.619756753089877,-82.38835631252735,16,0,0.03,profile_1
29.619309063744275,-82.38827048183887,16,0,0.03,profile_1
29.618973295429956,-82.38799153210132,16,0,0.03,profile_1
29.61856291041549,-82.38790570141285,16,0,0.03,profile_1
29.618171177706454,-82.38769112469166,16,0,0.03,profile_1
29.617611556909427,-82.38749800564258,16,0,0.03,profile_1
29.617219820502644,-82.38736925960987,16,0,0.03,profile_1
29.616697502925145,-82.3869615638396,16,0,0.03,profile_1
29.61641768882376,-82.38666115642994,16,0,0.03,profile_1
29.616007293403225,-82.38629637600391,16,0,0.03,profile_1
29.615652859649853,-82.38578139187305,16,0,0.03,profile_1
29.615354388154007,-82.38556681515186,16,0,0.03,profile_1
29.615155037169718,-82.38520276553899,16,0,0.03,profile_1
29.61491252794894,-82.38496673114568,16,0,0.03,profile_1
29.614744636608155,-82.38479506976873,16,0,0.03,profile_1
29.614352889058807,-82.38434445865423,16,0,0.03,profile_1
29.613550734564505,-82.38319292694526,16,0,0.03,profile_1
29.621000684559988,-82.38817909902083,16,0,0.03,profile_1
29.620646268366837,-82.3879216069554,16,0,0.03,profile_1
29.620254543755824,-82.3875782842015,16,0,0.03,profile_1
29.619956085887303,-82.38727787679183,16,0,0.03,profile_1
29.619527051152755,-82.38669851964461,16,0,0.03,profile_1
29.61907936078675,-82.38637665456282,16,0,0.03,profile_1
29.618911476386778,-82.38618353551375,16,0,0.03,profile_1
29.618631668432002,-82.3860118741368,16,0,0.03,profile_1
29.618389167576147,-82.38575438207137,16,0,0.03,profile_1
29.618165320114386,-82.38558272069442,16,0,0.03,profile_1
29.617922818136424,-82.3853466863011,16,0,0.03,profile_1
29.617624353362547,-82.3850033635472,16,0,0.03,profile_1
29.61746179808209,-82.38492059927479,16,0,0.03,profile_1
29.616995444351296,-82.38485622625844,16,0,0.03,profile_1
29.616771593794052,-82.38464164953724,16,0,0.03,profile_1
29.616485299746373,-82.38464164953724,16,0,0.03,profile_1
29.616056250236646,-82.38449144583241,16,0,0.03,profile_1
29.615720471085503,-82.38434124212758,16,0,0.03,profile_1
29.61552784363171,-82.38429832678334,16,0,0.03,profile_1
29.61521071724469,-82.38408375006215,16,0,0.03,profile_1
29.614930899015807,-82.38395500402943,16,0,0.03,profile_1
29.614520497541655,-82.38374042730824,16,0,0.03,profile_1
29.614277986794253,-82.38337564688221,16,0,0.03,profile_1
29.62022850632742,-82.38781738501088,16,0,0.03,profile_1
29.61959994187952,-82.38743114691273,16,0,0.03,profile_1
29.619355683972618,-82.38723566450226,16,0,0.03,profile_1
29.618889339005232,-82.38712837614166,16,0,0.03,profile_1
29.618460299729367,-82.38689234174835,16,0,0.03,profile_1
29.618138514577446,-82.38644173063385,16,0,0.03,profile_1
29.61776543427044,-82.38629152692901,16,0,0.03,profile_1
29.617131194579052,-82.3858194581424,16,0,0.03,profile_1
29.616758110543262,-82.38558342374908,16,0,0.03,profile_1
29.616440988027033,-82.38530447401153,16,0,0.03,profile_1
29.616179827558586,-82.38493969358551,16,0,0.03,profile_1
29.615585877414418,-82.38445861596865,16,0,0.03,profile_1
29.615119515003844,-82.3841796662311,16,0,0.03,profile_1
29.61871977684145,-82.38709790963931,16,0,0.03,profile_1
29.618328044742128,-82.38701207895083,16,0,0.03,profile_1
29.6179363111202,-82.38677604455752,16,0,0.03,profile_1
29.61756323006469,-82.38647563714785,16,0,0.03,profile_1
29.616947643303828,-82.38615377206607,16,0,0.03,profile_1
29.616481287194016,-82.38572461862368,16,0,0.03,profile_1
29.616085227169474,-82.38530698624807,16,0,0.03,profile_1
29.61576810253614,-82.3848992904778,16,0,0.03,profile_1
29.615171159343127,-82.38431993333059,16,0,0.03,profile_1
29.614592867253624,-82.38391223756032,16,0,0.03,profile_1
29.613902643319854,-82.3839980682488,16,0,0.03,profile_1
29.613386048949003,-82.38320413438039,16,0,0.03,profile_1
29.61327411972457,-82.3835474571343,16,0,0.03,profile_1
29.604229412846337,-82.37550816896216,16,0,0.03,profile_1
29.603837624436995,-82.3753365075852,16,0,0.03,profile_1
29.603057697167845,-82.37525067689673,16,0,0.03,profile_1
29.60253530621417,-82.37512193086401,16,0,0.03,profile_1
29.60188486057692,-82.37516484620825,16,0,0.03,profile_1
29.601381120631366,-82.37473569276587,16,0,0.03,profile_1
29.60436620951066,-82.37484298112646,16,0,0.03,profile_1
29.60403039142282,-82.37462840440527,16,0,0.03,profile_1
29.60389979519776,-82.37402758958594,16,0,0.03,profile_1
29.60375054216202,-82.37379155519262,16,0,0.03,profile_1
29.603675915561322,-82.37323365571753,16,0,0.03,profile_1
29.603294812278968,-82.37246117952124,16,0,0.03,profile_1
29.603737184277207,-82.37467131974951,16,0,0.03,profile_1
29.603401364094644,-82.37437091233984,16,0,0.03,profile_1
29.603121513088247,-82.37428508165137,16,0,0.03,profile_1
29.60302822924686,-82.37434945466772,16,0,0.03,profile_1
29.60278569085545,-82.37394175889746,16,0,0.03,profile_1
29.602500464875682,-82.37360461605104,16,0,0.03,profile_1
29.602220611369273,-82.37396939647707,16,0,0.03,profile_1
29.60165393803381,-82.37308172979445,16,0,0.03,profile_1
29.60191513613161,-82.37338213720412,16,0,0.03,profile_1
29.602306932009892,-82.37342505254836,16,0,0.03,profile_1
29.499920417196396,-82.2966751861037,16,0,0.03,profile_1
29.49921073348034,-82.29658935541522,16,0,0.03,profile_1
29.49835163601224,-82.29620311731708,16,0,0.03,profile_1
29.49738047357735,-82.2957739638747,16,0,0.03,profile_1
29.496484007679705,-82.29530189508807,16,0,0.03,profile_1
29.49565652977611,-82.29482982630145,16,0,0.03,profile_1
29.49494681618179,-82.29440067285907,16,0,0.03,profile_1
29.49438651246312,-82.29401443476092,16,0,0.03,profile_1
29.494125036333738,-82.29337070459735,16,0,0.03,profile_1
29.49494681618179,-82.29388568872821,16,0,0.03,profile_1
29.496030061249392,-82.29401443476092,16,0,0.03,profile_1
29.496553002997743,-82.29414318079364,16,0,0.03,profile_1
29.497486820832794,-82.29482982630145,16,0,0.03,profile_1
29.499326359284673,-82.29594562525165,16,0,0.03,profile_1
29.50059631465571,-82.29598854059589,16,0,0.03,profile_1
29.501866254100943,-82.29680393213641,16,0,0.03,profile_1
29.499550470213254,-82.29517314905536,16,0,0.03,profile_1
29.498952839968272,-82.2946581649245,16,0,0.03,profile_1
29.83997060304289,-82.60318820208482,16,0,0.03,profile_1
29.839300540617945,-82.60258738726549,16,0,0.03,profile_1
29.83866769975588,-82.60207240313463,16,0,0.03,profile_1
29.838183759920764,-82.60155741900377,16,0,0.03,profile_1
29.837439232519337,-82.60104243487291,16,0,0.03,profile_1
29.836806379865063,-82.60052745074205,16,0,0.03,profile_1
29.836136296214118,-82.59988372057848,16,0,0.03,profile_1
29.835168389672067,-82.5992399904149,16,0,0.03,profile_1
29.834498295034095,-82.598896667661,16,0,0.03,profile_1
29.833902651582655,-82.59842459887437,16,0,0.03,profile_1
29.83308363603843,-82.59769503802232,16,0,0.03,profile_1
29.832264613780264,-82.5972229692357,16,0,0.03,profile_1
29.831906755367203,-82.59661249979868,16,0,0.03,profile_1
29.830678204991397,-82.59572401089738,16,0,0.03,profile_1
29.831273867666155,-82.59602441830705,16,0,0.03,profile_1
29.831460011523784,-82.5967539791591,16,0,0.03,profile_1
29.830417601454567,-82.59538068814348,16,0,0.03,profile_1
29.829859163015485,-82.59512319607805,16,0,0.03,profile_1
29.829486868988916,-82.59486570401262,16,0,0.03,profile_1
29.828928425348273,-82.5945026992054,16,0,0.03,profile_1
29.828481668188733,-82.59398771507455,16,0,0.03,profile_1
29.827885988869014,-82.5936014769764,16,0,0.03,profile_1
29.827327536281935,-82.59334398491097,16,0,0.03,profile_1
29.826769080574067,-82.59265733940316,16,0,0.03,profile_1
29.82617339104592,-82.59222818596078,16,0,0.03,profile_1
29.82554046703177,-82.59175611717416,16,0,0.03,profile_1
29.825242619049913,-82.59111238701058,16,0,0.03,profile_1
29.824609689141184,-82.5903399108143,16,0,0.03,profile_1
29.8239767552242,-82.58965326530648,16,0,0.03,profile_1
29.823604439283045,-82.58892370445443,16,0,0.03,profile_1
29.823008730892422,-82.58823705894662,16,0,0.03,profile_1
29.82274810735508,-82.5872070906849,16,0,0.03,profile_1
29.822301322567146,-82.58613420707894,16,0,0.03,profile_1
29.834493634003813,-82.61382405641837,16,0,0.03,profile_1
29.834009673947453,-82.6133090722875,16,0,0.03,profile_1
29.833823534839986,-82.61270825746817,16,0,0.03,profile_1
29.83363739538572,-82.61218342125629,16,0,0.03,profile_1
29.833227887365624,-82.61153969109272,16,0,0.03,profile_1
29.832967290478898,-82.61072429955219,16,0,0.03,profile_1
29.832557779712182,-82.6099518233559,16,0,0.03,profile_1
29.832185495740465,-82.60913643181537,16,0,0.03,profile_1
29.83181321038159,-82.60836395561908,16,0,0.03,profile_1
29.831589838500438,-82.60772022545551,16,0,0.03,profile_1
29.83129200854877,-82.6070335799477,16,0,0.03,profile_1
29.83088249091568,-82.60617527306293,16,0,0.03,profile_1
29.830510200701855,-82.6053598815224,16,0,0.03,profile_1
29.830175138323437,-82.60450157463764,16,0,0.03,profile_1
29.829765616112887,-82.6035574370644,16,0,0.03,profile_1
29.829318862696308,-82.60252746880268,16,0,0.03,profile_1
29.828946566656708,-82.60166916191791,16,0,0.03,profile_1
29.828574269230042,-82.60085377037738,16,0,0.03,profile_1
29.828127510487143,-82.6000812941811,16,0,0.03,profile_1
29.82790413036669,-82.599523394706,16,0,0.03,profile_1
29.827680749746904,-82.59913715660785,16,0,0.03,profile_1
29.827457368627794,-82.59875091850971,16,0,0.03,profile_1
29.827420138392725,-82.59833935488456,16,0,0.03,profile_1
29.82715952635891,-82.59769562472098,16,0,0.03,profile_1
29.826973374490084,-82.59730938662284,16,0,0.03,profile_1
29.827402517529567,-82.5975578689782,16,0,0.03,profile_1
29.826834919599985,-82.59710763819258,16,0,0.03,profile_1
29.82666738238945,-82.5965711963896,16,0,0.03,profile_1
29.826481229603893,-82.59590600855391,16,0,0.03,profile_1
29.826220615121578,-82.5955626858,16,0,0.03,profile_1
29.826015846122978,-82.59483312494795,16,0,0.03,profile_1
29.82562492232423,-82.59406064875166,16,0,0.03,profile_1
29.8254655387874,-82.59372244974927,16,0,0.03,profile_1
29.825093228392255,-82.59306166581881,16,0,0.03,profile_1
29.824888457083734,-82.59233210496676,16,0,0.03,profile_1
29.82462783844791,-82.59177420549166,16,0,0.03,profile_1
29.824255524932138,-82.59106610231173,16,0,0.03,profile_1
29.824050751907286,-82.59046528749239,16,0,0.03,profile_1
29.82375289948583,-82.58964989595187,16,0,0.03,profile_1
29.823473662034562,-82.58887741975558,16,0,0.03,profile_1
29.82294310872789,-82.58833507648694,16,0,0.03,profile_1
29.82251494084799,-82.58719781986463,16,0,0.03,profile_1
29.82221708384978,-82.58640388599622,16,0,0.03,profile_1
29.829892225002713,-82.59494403949964,16,0,0.03,profile_1
29.828998717304273,-82.59558776966321,16,0,0.03,profile_1
29.827807361278293,-82.59627441517102,16,0,0.03,profile_1
29.82661599104913,-82.5972614680885,16,0,0.03,profile_1
29.825610761370847,-82.59764770618665,16,0,0.03,profile_1
29.824642752865184,-82.59833435169446,16,0,0.03,profile_1
29.823637503339597,-82.59880642048108,16,0,0.03,profile_1
29.822818403658108,-82.59945015064466,16,0,0.03,profile_1
29.82229643197369,-82.5998363887428,16,0,0.03,profile_1
29.821328391368016,-82.60035137287366,16,0,0.03,profile_1
29.820360341387268,-82.60090927234876,16,0,0.03,profile_1
29.81998801197531,-82.60099510303723,16,0,0.03,profile_1
29.819280582271944,-82.60138134113538,16,0,0.03,profile_1
29.81875931507651,-82.60193924061048,16,0,0.03,profile_1
29.81853591401783,-82.60211653854813,16,0,0.03,profile_1
29.81797740918698,-82.60263152267899,16,0,0.03,profile_1
29.817232731225545,-82.6027602687117,16,0,0.03,profile_1
29.81645081339619,-82.6033181681868,16,0,0.03,profile_1
29.81607846942327,-82.60366149094071,16,0,0.03,profile_1
29.815371012054406,-82.60413355972733,16,0,0.03,profile_1
29.660408558317968,-82.60690142654097,16,0,0.03,profile_1
29.659811879682124,-82.60698725722945,16,0,0.03,profile_1
29.658916855093615,-82.60690142654097,16,0,0.03,profile_1
29.65794723613831,-82.6068155958525,16,0,0.03,profile_1
29.65697760783939,-82.6068155958525,16,0,0.03,profile_1
29.65623173355919,-82.60690142654097,16,0,0.03,profile_1
29.655262088729735,-82.60672976516402,16,0,0.03,profile_1
29.65451620173396,-82.60672976516402,16,0,0.03,profile_1
29.653844898711007,-82.60672976516402,16,0,0.03,profile_1
29.65302441115739,-82.60672976516402,16,0,0.03,profile_1
29.65175637178109,-82.60664393447554,16,0,0.03,profile_1
29.650861275543686,-82.60698725722945,16,0,0.03,profile_1
29.649122497120718,-82.60690142654097,16,0,0.03,profile_1
29.648078190076507,-82.60664393447554,16,0,0.03,profile_1
29.64576575735229,-82.60652517195463,16,0,0.03,profile_1
29.64516899189745,-82.60669683333158,16,0,0.03,profile_1
29.643579965523063,-82.6066110026431,16,0,0.03,profile_1
29.642833991956174,-82.6066110026431,16,0,0.03,profile_1
29.641996821579255,-82.60652517195463,16,0,0.03,profile_1
29.641027039616088,-82.60652517195463,16,0,0.03,profile_1
29.639535049126593,-82.60617448869297,16,0,0.03,profile_1
29.63938584886179,-82.60660364213535,16,0,0.03,profile_1
29.639031497346853,-82.60660364213535,16,0,0.03,profile_1
29.638546593253103,-82.60656072679112,16,0,0.03,profile_1
29.637968435320428,-82.60658218446324,16,0,0.03,profile_1
29.637259721068244,-82.60664655747959,16,0,0.03,profile_1
29.636812109497086,-82.60660364213535,16,0,0.03,profile_1
29.636289893482925,-82.60649635377476,16,0,0.03,profile_1
29.635786325476154,-82.60638906541416,16,0,0.03,profile_1
29.63537600894232,-82.60615303102085,16,0,0.03,profile_1
29.635125065164196,-82.60616713557108,16,0,0.03,profile_1
29.63482665134608,-82.60608130488261,16,0,0.03,profile_1
29.634640142260768,-82.6058452704893,16,0,0.03,profile_1
29.634117914984454,-82.60569506678446,16,0,0.03,profile_1
29.63396870669388,-82.60569506678446,16,0,0.03,profile_1
29.633688940553277,-82.60569506678446,16,0,0.03,profile_1
29.63339052248011,-82.60554486307963,16,0,0.03,profile_1
29.633054801090957,-82.60535174403056,16,0,0.03,profile_1
29.610963155532833,-82.58778508441985,16,0,0.03,profile_1
29.61014231860625,-82.58645470874846,16,0,0.03,profile_1
29.609470719786273,-82.5859397246176,16,0,0.03,profile_1
29.610067696736074,-82.58735593097747,16,0,0.03,profile_1
29.610478116338548,-82.58654053943694,16,0,0.03,profile_1
29.609731897636767,-82.5861543013388,16,0,0.03,profile_1
29.546679995305123,-82.52404676958473,16,0,0.03,profile_1
29.545037269024412,-82.52293097063453,16,0,0.03,profile_1
29.54339451604727,-82.52207266374977,16,0,0.03,profile_1
29.54242378583092,-82.52147184893043,16,0,0.03,profile_1
29.541079682450874,-82.52052771135719,16,0,0.03,profile_1
29.53869012120845,-82.5197552351609,16,0,0.03,profile_1
29.53600179730655,-82.51898275896461,16,0,0.03,profile_1
29.53525502798305,-82.51889692827613,16,0,0.03,profile_1
29.53222734379967,-82.51881109758766,16,0,0.03,profile_1
29.52932255051401,-82.51822790170729,16,0,0.03,profile_1
29.529920001458493,-82.51882871652663,16,0,0.03,profile_1
29.52812763803825,-82.51942953134596,16,0,0.03,profile_1
29.527018113550717,-82.51908620859206,16,0,0.03,profile_1
29.525484094891997,-82.51925786996901,16,0,0.03,profile_1
29.524961302583655,-82.51848539377272,16,0,0.03,profile_1
29.523992694079443,-82.51917203928053,16,0,0.03,profile_1
29.522050851833583,-82.51917203928053,16,0,0.03,profile_1
29.520930541277213,-82.51882871652663,16,0,0.03,profile_1
29.520108972318916,-82.51779874826491,16,0,0.03,profile_1
29.519436774573233,-82.51693700363509,16,0,0.03,profile_1
29.518241745333036,-82.51547788193099,16,0,0.03,profile_1
29.517718915602718,-82.5147054057347,16,0,0.03,profile_1
29.528549755425082,-82.53199122232843,16,0.03,0.03,profile_2
29.529700709933188,-82.52967379373956,16,0.03,0.03,profile_2
29.53082092337103,-82.52838633341241,16,0.03,0.03,profile_2
29.53126900527228,-82.52744219583917,16,0.03,0.03,profile_2
29.53253855987881,-82.52572558206964,16,0.03,0.03,profile_2
29.53350938500144,-82.52392313761163,16,0.03,0.03,profile_2
29.535002943915384,-82.52263567728448,16,0.03,0.03,profile_2
29.535824391915646,-82.52134821695734,16,0.03,0.03,profile_2
29.53725239031983,-82.51894495767999,16,0.03,0.03,profile_2
29.538596544580592,-82.51645586771417,16,0.03,0.03,profile_2
29.539641985540854,-82.51542589945245,16,0.03,0.03,profile_2
29.541284799495383,-82.51259348673273,16,0.03,0.03,profile_2
29.54255422835871,-82.51019022745538,16,0.03,0.03,profile_2
29.544421006554145,-82.50744364542413,16,0.03,0.03,profile_2
29.545541056924336,-82.5053837089007,16,0.03,0.03,profile_2
29.513924845929065,-82.28985573271291,16,0,0.03,profile_1
29.51358872707555,-82.28989864805715,16,0,0.03,profile_1
29.513439340560144,-82.28848244169728,16,0,0.03,profile_1
29.5129164860199,-82.28820799071954,16,0,0.03,profile_1
29.51325260710583,-82.28769300658868,16,0,0.03,profile_1
29.513065873307006,-82.28649137695001,16,0,0.03,profile_1
29.51287913916367,-82.2863626309173,16,0,0.03,profile_1
29.512655057736932,-82.28644846160577,16,0,0.03,profile_1
29.51239362877874,-82.2853157550418,16,0,0.03,profile_1
29.512169546277146,-82.28457966039164,16,0,0.03,profile_1
29.512356281729588,-82.28380718419535,16,0,0.03,profile_1
29.511870768836676,-82.28320636937602,16,0,0.03,profile_1
29.51172137978573,-82.28226223180278,16,0,0.03,profile_1
29.51138525361497,-82.28080311009867,16,0,0.03,profile_1
29.511235863847467,-82.2798160571812,16,0,0.03,profile_1
29.511684032488546,-82.27938690373881,16,0,0.03,profile_1
29.51149758849094,-82.28098050053737,16,0,0.03,profile_1
29.511273504005686,-82.27965012486598,16,0,0.03,profile_1
29.510825333546986,-82.2790063947024,16,0,0.03,profile_1
29.510825333546986,-82.2781051724734,16,0,0.03,profile_1
29.510862681160994,-82.27759018834254,16,0,0.03,profile_1
29.51056389986306,-82.27724686558864,16,0,0.03,profile_1
29.510489204400784,-82.2755302518191,16,0,0.03,profile_1
29.51022172247088,-82.27510109837672,16,0,0.03,profile_1
29.50992293928109,-82.27363037502778,16,0,0.03,profile_1
29.509474762842874,-82.27294372951997,16,0,0.03,profile_1
29.509400066576937,-82.27204250729096,16,0,0.03,profile_1
29.509101280961993,-82.27204250729096,16,0,0.03,profile_1
29.508877191172065,-82.27187084591401,16,0,0.03,profile_1
29.50872779770319,-82.270969623685,16,0,0.03,profile_1
29.508242267406793,-82.27054047024262,16,0,0.03,profile_1
29.507906129683644,-82.27041172420991,16,0,0.03,profile_1
29.50756999084441,-82.26976799404633,16,0,0.03,profile_1
29.50687531765826,-82.2691337526195,16,0,0.03,profile_1
29.506763270361677,-82.26921958330797,16,0,0.03,profile_1
29.50597893581344,-82.26891418476927,16,0,0.03,profile_1
29.505642790575557,-82.26788854989236,16,0,0.03,profile_1
29.505343993871644,-82.26788854989236,16,0,0.03,profile_1
29.504821097517983,-82.26754522713846,16,0,0.03,profile_1
29.504709047948005,-82.26698732766336,16,0,0.03,profile_1
29.50400850962481,-82.26655817422098,16,0,0.03,profile_1
29.503517714467016,-82.26631657686337,16,0,0.03,profile_1
29.503218911491857,-82.26562993135556,16,0,0.03,profile_1
29.502770705375845,-82.2656728466998,16,0,0.03,profile_1
29.502471900196312,-82.26537243929013,16,0,0.03,profile_1
29.502135743315392,-82.26490037050351,16,0,0.03,profile_1
29.501911638108137,-82.26438538637265,16,0,0.03,profile_1
29.501388724029095,-82.26447121706113,16,0,0.03,profile_1
29.50097786107268,-82.26391331758603,16,0,0.03,profile_1
29.50042202906637,-82.26296918001279,16,0,0.03,profile_1
29.499899107295278,-82.26249711122617,16,0,0.03,profile_1
29.499637645397158,-82.26189629640683,16,0,0.03,profile_1
29.499136370080365,-82.2621967038165,16,0,0.03,profile_1
29.49875988419604,-82.26124915863538,16,0,0.03,profile_1
29.498247170524273,-82.26021534016577,16,0,0.03,profile_1
29.497388064882532,-82.260620635914,16,0,0.03,profile_1
29.497359816412597,-82.25990153501169,16,0,0.03,profile_1
29.4969115843642,-82.25917197415964,16,0,0.03,profile_1
29.496612761896547,-82.25874282071726,16,0,0.03,profile_1
29.495678936002786,-82.25798776517205,16,0,0.03,profile_1
29.495118636333945,-82.25742986569695,16,0,0.03,profile_1
29.57775197868855,-82.08938795537857,16,0,0.03,profile_1
29.578311820673466,-82.0885296484938,16,0,0.03,profile_1
29.579319528422243,-82.08827215642837,16,0,0.03,profile_1
29.58066312310545,-82.08732801885513,16,0,0.03,profile_1
29.581558842958476,-82.08719927282242,16,0,0.03,profile_1
29.58234259130939,-82.08659845800308,16,0,0.03,profile_1
29.583014370766307,-82.08608347387222,16,0,0.03,profile_1
29.583760787140935,-82.08569723577408,16,0,0.03,profile_1
29.584469877583704,-82.08552557439712,16,0,0.03,profile_1
29.585552163917274,-82.08501059026626,16,0,0.03,profile_1
29.586373200979633,-82.08466726751236,16,0,0.03,profile_1
29.587044953607613,-82.08462435216812,16,0,0.03,profile_1
29.589329819783583,-82.08458143682388,16,0,0.03,profile_1
29.589964234349665,-82.08466726751236,16,0,0.03,profile_1
29.58914322650502,-82.0847101828566,16,0,0.03,profile_1
29.59044937220873,-82.08458143682388,16,0,0.03,profile_1
29.591867454114308,-82.08483892888931,16,0,0.03,profile_1
29.592725757163908,-82.0852680823317,16,0,0.03,profile_1
29.59306161289131,-82.08543974370865,16,0,0.03,profile_1
29.594850181933786,-82.08608347387222,16,0,0.03,profile_1
29.59548456178787,-82.08638388128189,16,0,0.03,profile_1
29.595820408330844,-82.08668428869156,16,0,0.03,profile_1
29.596156253755698,-82.09050375432876,16,0,0.03,profile_1
29.596118937652598,-82.08968836278824,16,0,0.03,profile_1
29.595857724544377,-82.08870130987076,16,0,0.03,profile_1
29.595768373984708,-82.08807875378034,16,0,0.03,profile_1
29.59584300643646,-82.08764960033795,16,0,0.03,profile_1
29.595693741477728,-82.08696295483014,16,0,0.03,profile_1
29.595731057738117,-82.08653380138776,16,0,0.03,profile_1
29.595880322641634,-82.08554674847028,16,0,0.03,profile_1
29.595992271174328,-82.08438803417584,16,0,0.03,profile_1
29.596066903460443,-82.0836584733238,16,0,0.03,profile_1
29.59617885178607,-82.08275725109479,16,0,0.03,profile_1
29.596440064062737,-82.08189894421002,16,0,0.03,profile_1
29.596887854963324,-82.08340098125836,16,0,0.03,profile_1
29.596850539130873,-82.08417345745465,16,0,0.03,profile_1
29.59699980237788,-82.08569129838392,16,0,0.03,profile_1
29.597149065404015,-82.0866783513014,16,0,0.03,profile_1
29.597075469277893,-82.08798544128688,16,0,0.03,profile_1
29.596739626913457,-82.08910124023707,16,0,0.03,profile_1
29.596627679210155,-82.08965913971217,16,0,0.03,profile_1
29.59647841541251,-82.09060327728541,16,0,0.03,profile_1
29.597995644039127,-82.08669798095973,16,0,0.03,profile_1
29.599536810008725,-82.08675382964556,16,0,0.03,profile_1
29.600245789582864,-82.0873546444649,16,0,0.03,profile_1
29.600880135503708,-82.08739755980913,16,0,0.03,profile_1
29.598790510336144,-82.08686527567644,16,0,0.03,profile_1
29.59769320204641,-82.08656486826678,16,0,0.03,profile_1
29.59728273040733,-82.08643612223406,16,0,0.03,profile_1
29.71341957607884,-82.13878062634981,16,0,0.03,profile_1
29.713978664112446,-82.138995203071,16,0,0.03,profile_1
29.714295479282768,-82.1391024914316,16,0,0.03,profile_1
29.714798654263024,-82.13929561048067,16,0,0.03,profile_1
29.71517137484464,-82.13935998349703,16,0,0.03,profile_1
29.71582363253264,-82.13963893323458,16,0,0.03,profile_1
29.716757413779977,-82.13976288823228,16,0,0.03,profile_1
29.71735375441014,-82.13997746495347,16,0,0.03,profile_1
29.71772646550493,-82.14008475331407,16,0,0.03,profile_1
29.718080539763168,-82.14021349934679,16,0,0.03,profile_1
29.71878868453267,-82.14038516072374,16,0,0.03,profile_1
29.719329107442924,-82.14059973744493,16,0,0.03,profile_1
29.719776351788866,-82.14070702580553,16,0,0.03,profile_1
29.720204959083663,-82.14074994114976,16,0,0.03,profile_1
29.720708104442085,-82.14077139882188,16,0,0.03,profile_1
29.72039130951051,-82.14053536442857,16,0,0.03,profile_1
29.720074513578993,-82.14047099141222,16,0,0.03,profile_1
29.719664540889216,-82.1403422453795,16,0,0.03,profile_1
29.718646996494535,-82.14010621098619,16,0,0.03,profile_1
29.71825565339759,-82.14002038029771,16,0,0.03,profile_1
29.717479574173193,-82.13984871892076,16,0,0.03,profile_1
29.71718140467469,-82.13971997288805,16,0,0.03,profile_1
29.716827327244854,-82.13963414219957,16,0,0.03,profile_1
29.716399364676313,-82.13929081944566,16,0,0.03,profile_1
29.716194371035293,-82.13925211064556,16,0,0.03,profile_1
29.71369519385272,-82.13855422552793,16,0,0.03,profile_1
29.714179735664825,-82.13876880224912,16,0,0.03,profile_1
29.71445927795417,-82.13876880224912,16,0,0.03,profile_1
29.71488790795269,-82.13887609060971,16,0,0.03,profile_1
29.716013071165797,-82.13923609383369,16,0,0.03,profile_1
29.71595716363554,-82.13906443245673,16,0,0.03,profile_1
29.71534340853436,-82.13893568642402,16,0,0.03,profile_1
29.76242329648563,-82.14289193127328,16,0,0.03,profile_1
29.76175271445289,-82.14220528576547,16,0,0.03,profile_1
29.760970363075817,-82.14160447094613,16,0,0.03,profile_1
29.76011702499487,-82.14130406353647,16,0,0.03,profile_1
29.759632705052073,-82.14121823284799,16,0,0.03,profile_1
29.759111127111233,-82.14117531750375,16,0,0.03,profile_1
29.758810693564904,-82.1410036561268,16,0,0.03,profile_1
29.75800125237084,-82.14104657147104,16,0,0.03,profile_1
29.75755417845229,-82.14091782543832,16,0,0.03,profile_1
29.758038508440695,-82.14061741802865,16,0,0.03,profile_1
29.75844832429493,-82.14078907940561,16,0,0.03,profile_1
29.759118928441403,-82.14083199474985,16,0,0.03,profile_1
29.7598640388964,-82.14087491009408,16,0,0.03,profile_1
29.760422868101767,-82.14104657147104,16,0,0.03,profile_1
29.76105620410033,-82.14126114819223,16,0,0.03,profile_1
29.76178819869894,-82.14177613232309,16,0,0.03,profile_1
29.76285096459231,-82.1428061005848,16,0,0.03,profile_1
29.763148998338615,-82.143020677306,16,0,0.03,profile_1
29.779861419744662,-82.16622640281601,16,0,0.03,profile_1
29.7803083941139,-82.16682721763534,16,0,0.03,profile_1
29.780010411422783,-82.16656972556991,16,0,0.03,profile_1
29.78123958430769,-82.1673422017662,16,0,0.03,profile_1
29.781537563340578,-82.16738511711044,16,0,0.03,profile_1
29.782468742102246,-82.16742803245468,16,0,0.03,profile_1
29.782729470603485,-82.16747094779892,16,0,0.03,profile_1
29.783325418913684,-82.16811467796249,16,0,0.03,profile_1
29.783921363676313,-82.1673422017662,16,0,0.03,profile_1
29.78485252026577,-82.16742803245468,16,0,0.03,profile_1
29.785969896740173,-82.16759969383163,16,0,0.03,profile_1
29.78660307120591,-82.1675567784874,16,0,0.03,profile_1
29.787347977214388,-82.16725637107773,16,0,0.03,profile_1
29.78842808107997,-82.16738511711044,16,0,0.03,profile_1
29.789023995464827,-82.16798593192978,16,0,0.03,profile_1
29.789843371950802,-82.1675567784874,16,0,0.03,profile_1
29.790737229557774,-82.16747094779892,16,0,0.03,profile_1
29.791267823553227,-82.16747094779892,16,0,0.03,profile_1
29.791900964504624,-82.16764260917587,16,0,0.03,profile_1
29.792347885117493,-82.16717054038925,16,0,0.03,profile_1
29.792869289976604,-82.16747094779892,16,0,0.03,profile_1
29.79346517791766,-82.16712762504501,16,0,0.03,profile_1
29.794321760616477,-82.16721345573349,16,0,0.03,profile_1
29.79484315519103,-82.16747094779892,16,0,0.03,profile_1
29.79562524195897,-82.16754845364738,16,0,0.03,profile_1
29.79666320509877,-82.1673338769262,16,0,0.03,profile_1
29.79770596712998,-82.1676771996801,16,0,0.03,profile_1
29.798488031521522,-82.16724804623772,16,0,0.03,profile_1
29.79963569307124,-82.16759136899162,16,0,0.03,profile_1
29.800492222946083,-82.16729096158195,16,0,0.03,profile_1
29.80172114430532,-82.16789177640129,16,0,0.03,profile_1
29.80172114430532,-82.16789177640129,16,0,0.03,profile_1
29.79097900168869,-82.16776284265545,16,0.03,0.03,profile_2
29.79055069694952,-82.16795596170452,16,0.03,0.03,profile_2
29.790196878608565,-82.1678272156718,16,0.03,0.03,profile_2
29.789917547455843,-82.16787013101604,16,0.03,0.03,profile_2
29.790420342969433,-82.16855677652386,16,0.03,0.03,profile_2
29.789917547455843,-82.1685996918681,16,0.03,0.03,profile_2
29.789656837676592,-82.1685996918681,16,0.03,0.03,profile_2
29.789477047268264,-82.16950813316528,16,0.03,0.03,profile_2
29.78932806967902,-82.16914335273925,16,0.03,0.03,profile_2
29.789262128490492,-82.17001547492208,16,0.03,0.03,profile_2
29.78903866154363,-82.16999401724996,16,0.03,0.03,profile_2
29.788815194097836,-82.16971506751241,16,0.03,0.03,profile_2
29.7886289708452,-82.16988672888937,16,0.03,0.03,profile_2
29.788368257709443,-82.1704875437087,16,0.03,0.03,profile_2
29.788461369621597,-82.17076649344625,16,0.03,0.03,profile_2
29.787902696849365,-82.1711527315444,16,0.03,0.03,profile_2
29.7876978493849,-82.17121710456075,16,0.03,0.03,profile_2
29.787623359293885,-82.17117418921652,16,0.03,0.03,profile_2
29.787551168529937,-82.17206193872498,16,0.03,0.03,profile_2
29.787044375805635,-82.17231943079041,16,0.03,0.03,profile_2
29.786690545069614,-82.17261983820008,16,0.03,0.03,profile_2
29.786597431510156,-82.17236234613465,16,0.03,0.03,profile_2
29.787044375805635,-82.17206193872498,16,0.03,0.03,profile_2
29.788134944535717,-82.17019493321176,16,0.03,0.03,profile_2
29.788339791105635,-82.17017347553964,16,0.03,0.03,profile_2
29.788879839144002,-82.16914350727792,16,0.03,0.03,profile_2
29.789680594664937,-82.16876549856347,16,0.03,0.03,profile_2
29.789829571729445,-82.16872258321924,16,0.03,0.03,profile_2
29.794571724818866,-82.16684582940394,16,0.03,0.03,profile_2
29.794217920694138,-82.16663125268275,16,0.03,0.03,profile_2
29.79359056638788,-82.1664090356736,16,0.03,0.03,profile_2
29.79335639282771,-82.166301747313,16,0.03,0.03,profile_2
29.792909476718723,-82.16638757800148,16,0.03,0.03,profile_2
29.792555666716968,-82.166301747313,16,0.03,0.03,profile_2
29.79195225674153,-82.16645195101783,16,0.03,0.03,profile_2
29.791537267724863,-82.16658069705055,16,0.03,0.03,profile_2
29.79073652705882,-82.1670972678492,16,0.03,0.03,profile_2
29.79127940336983,-82.16681831811165,16,0.03,0.03,profile_2
29.698261533147576,-82.33909700368814,16,0,0.03,profile_1
29.69744140795679,-82.33858201955728,16,0,0.03,profile_1
29.696844949067295,-82.33892534231119,16,0,0.03,profile_1
29.695726579104715,-82.33883951162271,16,0,0.03,profile_1
29.69460819669271,-82.33875368093423,16,0,0.03,profile_1
29.69393716126989,-82.33918283437662,16,0,0.03,profile_1
29.693489801831547,-82.33918283437662,16,0,0.03,profile_1
29.692669637688063,-82.33909700368814,16,0,0.03,profile_1
29.69162578273228,-82.33883951162271,16,0,0.03,profile_1
29.691029289317395,-82.33883951162271,16,0,0.03,profile_1
29.690880165410412,-82.33918283437662,16,0,0.03,profile_1
29.690122075895225,-82.33901117299966,16,0,0.03,profile_1
29.689823825167384,-82.33909700368814,16,0,0.03,profile_1
29.688779940649123,-82.33907075513483,16,0,0.03,profile_1
29.687885173860238,-82.33898492444635,16,0,0.03,profile_1
29.687586916493633,-82.3388132630694,16,0,0.03,profile_1
29.686766704171465,-82.3388132630694,16,0,0.03,profile_1
29.686170181914605,-82.33898492444635,16,0,0.03,profile_1
29.685797353706167,-82.33907075513483,16,0,0.03,profile_1
29.685051693140338,-82.33907075513483,16,0,0.03,profile_1
29.684082326134643,-82.33907075513483,16,0,0.03,profile_1
29.683262085212515,-82.33898492444635,16,0,0.03,profile_1
29.68168714596093,-82.33898492444635,16,0,0.03,profile_1
29.681314301123948,-82.33889909375787,16,0,0.03,profile_1
29.68071774650843,-82.33889909375787,16,0,0.03,profile_1
29.680042034896516,-82.33917103513083,16,0,0.03,profile_1
29.678848907025888,-82.33899937375388,16,0,0.03,profile_1
29.67802862340104,-82.33917103513083,16,0,0.03,profile_1
29.67750662124611,-82.33899937375388,16,0,0.03,profile_1
29.676462608805714,-82.33908520444236,16,0,0.03,profile_1
29.676388036073714,-82.33908520444236,16,0,0.03,profile_1
29.675510310264595,-82.33908520444236,16,0,0.03,profile_1
29.674497694694477,-82.33899937375388,16,0,0.03,profile_1
29.673975674208116,-82.33899937375388,16,0,0.03,profile_1
29.673304501029335,-82.33899937375388,16,0,0.03,profile_1
29.67181298903807,-82.33917103513083,16,0,0.03,profile_1
29.670918071224996,-82.33917103513083,16,0,0.03,profile_1
29.670172300297494,-82.33899937375388,16,0,0.03,profile_1
29.669351945889904,-82.33899937375388,16,0,0.03,profile_1
29.669202789824148,-82.33908520444236,16,0,0.03,profile_1
29.668170777048218,-82.33920428179145,16,0,0.03,profile_1
29.66742498574915,-82.3393759431684,16,0,0.03,profile_1
29.66742498574915,-82.3393759431684,16,0,0.03,profile_1
29.667041635984926,-82.33920428179145,16,0,0.03,profile_1
29.666072095333927,-82.33920428179145,16,0,0.03,profile_1
29.665251707483893,-82.33911845110298,16,0,0.03,profile_1
29.66495338297045,-82.33911845110298,16,0,0.03,profile_1
29.664132985996602,-82.33946177385688,16,0,0.03,profile_1
29.663610911711487,-82.33946177385688,16,0,0.03,profile_1
29.66271592091921,-82.33925476975998,16,0,0.03,profile_1
29.66241758888573,-82.33908310838302,16,0,0.03,profile_1
29.661671754931557,-82.33873978562912,16,0,0.03,profile_1
29.66092591544819,-82.33882561631759,16,0,0.03,profile_1
29.659657975637227,-82.33908310838302,16,0,0.03,profile_1
29.658912121225477,-82.33908310838302,16,0,0.03,profile_1
29.65824084752772,-82.3391689390715,16,0,0.03,profile_1
29.65764415603679,-82.33925476975998,16,0,0.03,profile_1
29.65704746100748,-82.33925476975998,16,0,0.03,profile_1
29.656615113884207,-82.3391689390715,16,0,0.03,profile_1
29.655553185788676,-82.33934060044845,16,0,0.03,profile_1
29.654956478360404,-82.33925476975998,16,0,0.03,profile_1
29.654359767393945,-82.33925476975998,16,0,0.03,profile_1
29.653613873710356,-82.33925476975998,16,0,0.03,profile_1
29.652718793992747,-82.33908310838302,16,0,0.03,profile_1
29.651972888147082,-82.33959809251388,16,0,0.03,profile_1
29.65171498403316,-82.33932927992343,16,0,0.03,profile_1
29.65052152012358,-82.33941511061191,16,0,0.03,profile_1
29.649924782861962,-82.339071787858,16,0,0.03,profile_1
29.649253449213862,-82.33924344923496,16,0,0.03,profile_1
29.648582111088267,-82.33950094130039,16,0,0.03,profile_1
29.647985362328907,-82.33932927992343,16,0,0.03,profile_1
29.647537798437785,-82.33890012648105,16,0,0.03,profile_1
29.64686644886999,-82.33958677198886,16,0,0.03,profile_1
29.645614298941034,-82.33924344923496,16,0,0.03,profile_1
29.64509212857591,-82.33932927992343,16,0,0.03,profile_1
29.644644551821585,-82.33941511061191,16,0,0.03,profile_1
29.64357252509816,-82.33898595716953,16,0,0.03,profile_1
29.6433487335919,-82.33924344923496,16,0,0.03,profile_1
29.642378964649954,-82.33932927992343,16,0,0.03,profile_1
29.64170758067997,-82.33932927992343,16,0,0.03,profile_1
29.640961593240537,-82.33932927992343,16,0,0.03,profile_1
29.63991720154031,-82.33932927992343,16,0,0.03,profile_1
29.63902200003275,-82.33932927992343,16,0,0.03,profile_1
29.638571390383373,-82.33937219526767,16,0,0.03,profile_1
29.637862680374564,-82.33945802595615,16,0,0.03,profile_1
29.63704206255434,-82.33924344923496,16,0,0.03,profile_1
29.636370643000422,-82.33924344923496,16,0,0.03,profile_1
29.635251600463267,-82.33911470320224,16,0,0.03,profile_1
29.634499380024682,-82.33943301030445,16,0,0.03,profile_1
29.633566828114088,-82.33930426427173,16,0,0.03,profile_1
29.632895385392082,-82.33930426427173,16,0,0.03,profile_1
29.632261240933644,-82.33943301030445,16,0,0.03,profile_1
29.631477880502388,-82.33939009496021,16,0,0.03,profile_1
29.63101792603498,-82.33930426427173,16,0,0.03,profile_1
29.63027185941091,-82.33939009496021,16,0,0.03,profile_1
29.62993612762735,-82.33917551823902,16,0,0.03,profile_1
29.62941387596223,-82.33947592564869,16,0,0.03,profile_1
29.62911544522369,-82.33934717961597,16,0,0.03,profile_1
29.6279534117363,-82.33930426427173,16,0,0.03,profile_1
29.627580367766978,-82.33930426427173,16,0,0.03,profile_1
29.627319236166564,-82.33934717961597,16,0,0.03,profile_1
29.626908885141276,-82.33934717961597,16,0,0.03,profile_1
29.626312007939077,-82.33934717961597,16,0,0.03,profile_1
29.625752432350517,-82.33934717961597,16,0,0.03,profile_1
29.625230158997233,-82.33934717961597,16,0,0.03,profile_1
29.62463327184989,-82.33934717961597,16,0,0.03,profile_1
29.62422290988496,-82.33934717961597,16,0,0.03,profile_1
29.623737934498962,-82.33939009496021,16,0,0.03,profile_1
29.62321565070356,-82.33951884099292,16,0,0.03,profile_1
29.62276797672427,-82.3396046716814,16,0,0.03,profile_1
29.62209646202614,-82.33981924840259,16,0,0.03,profile_1
29.621723396371323,-82.33990507909107,16,0,0.03,profile_1
29.620877945572968,-82.33986216374683,16,0,0.03,profile_1
29.62016911107688,-82.33981924840259,16,0,0.03,profile_1
29.61964680878413,-82.33990507909107,16,0,0.03,profile_1
29.61957219394991,-82.33990507909107,16,0,0.03,profile_1
29.619161811374198,-82.34024840184497,16,0,0.03,profile_1
29.617898688395247,-82.34037714787769,16,0,0.03,profile_1
29.617786764181822,-82.34042006322193,16,0,0.03,profile_1
29.616965982818883,-82.34063463994312,16,0,0.03,profile_1
29.61707322493258,-82.34058903119366,16,0,0.03,profile_1
29.616177820411618,-82.34054611584942,16,0,0.03,profile_1
29.615543570729827,-82.34067486188214,16,0,0.03,profile_1
29.61520778987078,-82.34080360791485,16,0,0.03,profile_1
29.614744093652597,-82.34084652325909,16,0,0.03,profile_1
29.614062871060746,-82.34113582562902,16,0,0.03,profile_1
29.6140327053521,-82.34083541821936,16,0,0.03,profile_1
29.612995212852052,-82.34074133064783,16,0,0.03,profile_1
29.613293691333556,-82.34117048409021,16,0,0.03,profile_1
29.61262211350738,-82.34117048409021,16,0,0.03,profile_1
29.612286322916518,-82.34108465340174,16,0,0.03,profile_1
29.767518907445584,-82.41988817441023,16,0,0.03,profile_1
29.767518907445584,-82.41799989926375,16,0,0.03,profile_1
29.766326819138666,-82.41611162411726,16,0,0.03,profile_1
29.7657307696657,-82.41353670346297,16,0,0.03,profile_1
29.764985702837528,-82.41147676693953,16,0,0.03,profile_1
29.763495552558332,-82.41027513730086,16,0,0.03,profile_1
29.762899486240915,-82.40787187802351,16,0,0.03,profile_1
29.761260285583678,-82.40632692563094,16,0,0.03,profile_1
29.760515185510897,-82.40443865048445,16,0,0.03,profile_1
29.757832779374375,-82.40255037533797,16,0,0.03,profile_1
29.756789602041586,-82.40049043881453,16,0,0.03,profile_1
29.754703214800774,-82.39894548642195,16,0,0.03,profile_1
29.752765816330488,-82.39688554989851,16,0,0.03,profile_1
29.75165134385078,-82.39551225888289,16,0,0.03,profile_1
29.748273277516077,-82.39156404721297,16,0,0.03,profile_1
29.745292457784313,-82.39087740170515,16,0,0.03,profile_1
29.743802014685656,-82.38847414242781,16,0,0.03,profile_1
29.742857554881326,-82.38775859815402,16,0,0.03,profile_1
29.7407708776709,-82.38535533887668,16,0,0.03,profile_1
29.738982262646246,-82.38398204786105,16,0,0.03,profile_1
29.736299280298994,-82.38218503425131,16,0,0.03,profile_1
29.734957762211828,-82.37978177497396,16,0,0.03,profile_1
29.733914346850984,-82.37909512946615,16,0,0.03,profile_1
29.731827483569358,-82.37703519294271,16,0,0.03,profile_1
29.7306349707745,-82.37670787504207,16,0,0.03,profile_1
29.730357289215007,-82.37389733817555,16,0,0.03,profile_1
29.72886662416227,-82.3733823540447,16,0,0.03,profile_1
29.727077796864403,-82.37166574027516,16,0,0.03,profile_1
29.72633244274456,-82.37097909476735,16,0,0.03,profile_1
29.725438010492468,-82.37012078788258,16,0,0.03,profile_1
29.7245392991787,-82.36896925059006,16,0,0.03,profile_1
29.72304854769125,-82.36673765268966,16,0,0.03,profile_1
29.72125961667521,-82.36570768442795,16,0,0.03,profile_1
29.719768816470065,-82.3633044251506,16,0,0.03,profile_1
29.716638063963572,-82.36137150417882,16,0,0.03,profile_1
29.716041719081677,-82.35965489040929,16,0,0.03,profile_1
29.714550841377903,-82.35810993801671,16,0,0.03,profile_1
29.713507213811365,-82.35639332424718,16,0,0.03,profile_1
29.712165390999004,-82.35502003323155,16,0,0.03,profile_1
29.710972644555124,-82.35330341946202,16,0,0.03,profile_1
29.709928979793595,-82.35124348293859,16,0,0.03,profile_1
29.708288913250975,-82.34987019192296,16,0,0.03,profile_1
29.706499719199424,-82.34832523953038,16,0,0.03,profile_1
29.705605110219462,-82.34746693264562,16,0,0.03,profile_1
29.704710493270223,-82.34523533474523,16,0,0.03,profile_1
29.79764649544258,-82.50075553570326,16,0,0.03,profile_1
29.79638028223819,-82.49912475262221,16,0,0.03,profile_1
29.795486475034604,-82.49775146160658,16,0,0.03,profile_1
29.794443689872868,-82.49594901714858,16,0,0.03,profile_1
29.793922293216898,-82.49509071026381,16,0,0.03,profile_1
29.793102950125846,-82.49397491131361,16,0,0.03,profile_1
29.79280500552039,-82.49260162029799,16,0,0.03,profile_1
29.792656032885006,-82.49157165203627,16,0,0.03,profile_1
29.79198565328147,-82.49028419170912,16,0,0.03,profile_1
29.79198565328147,-82.48916839275893,16,0,0.03,profile_1
29.791836679426396,-82.48616431866225,16,0,0.03,profile_1
29.791836679426396,-82.48616431866225,16,0,0.03,profile_1
29.792432573516134,-82.48753760967787,16,0,0.03,profile_1
29.791166294334253,-82.48401399245537,16,0,0.03,profile_1
29.791166294334253,-82.48375650038994,16,0,0.03,profile_1
29.79206014012585,-82.48744721999444,16,0,0.03,profile_1
29.79206014012585,-82.48753305068291,16,0,0.03,profile_1
29.652306224166463,-82.31103233456807,16,0.03,0.03,profile_2
29.653123194789956,-82.3104355734161,16,0.03,0.03,profile_2
29.65483875036181,-82.30949143584286,16,0.03,0.03,profile_2
29.65580839927038,-82.30871895964657,16,0.03,0.03,profile_2
29.656927213324195,-82.30760316069637,16,0.03,0.03,profile_2
29.658493532101215,-82.30683068450008,16,0.03,0.03,profile_2
29.65991065665185,-82.30571488554989,16,0.03,0.03,profile_2
29.662643345378868,-82.30375626821201,16,0.03,0.03,profile_2
29.663836665526723,-82.3027262999503,16,0.03,0.03,profile_2
29.66637242384027,-82.3016105010001,16,0.03,0.03,profile_2
29.6681901316209,-82.29974914452838,16,0.03,0.03,profile_2
29.667518919829742,-82.30086494347857,16,0.03,0.03,profile_2
29.66990543029242,-82.29897666833209,16,0.03,0.03,profile_2
29.671769852189346,-82.2985475148897,16,0.03,0.03,profile_2
29.672366459896374,-82.29691673180865,16,0.03,0.03,profile_2
29.674081687337996,-82.29665923974322,16,0.03,0.03,profile_2
29.675573165679573,-82.29545761010455,16,0.03,0.03,profile_2
29.676318896554225,-82.2945134725313,16,0.03,0.03,profile_2
29.678118670479023,-82.2944532192169,16,0.03,0.03,profile_2
29.67969534932706,-82.29272430116555,16,0.03,0.03,profile_2
29.68126131356849,-82.2914368408384,16,0.03,0.03,profile_2
29.68230527617749,-82.29066436464211,16,0.03,0.03,profile_2
29.683945766943747,-82.2896343963804,16,0.03,0.03,profile_2
29.68491513526644,-82.28877608949563,16,0.03,0.03,profile_2
29.68687959453139,-82.28774612123391,16,0.03,0.03,profile_2
29.688669138048535,-82.28671615297219,16,0.03,0.03,profile_2
29.689563897857457,-82.28568618471047,16,0.03,0.03,profile_2
29.69194988506624,-82.28465621644875,16,0.03,0.03,profile_2
29.692993736655108,-82.2830254333677,16,0.03,0.03,profile_2
29.694559493705402,-82.28199546510598,16,0.03,0.03,profile_2
29.69605066821108,-82.28096549684426,16,0.03,0.03,profile_2
29.69781806384704,-82.27890556032082,16,0.03,0.03,profile_2
29.699681968063178,-82.27830474550149,16,0.03,0.03,profile_2
29.702716750150984,-82.27581565553567,16,0.03,0.03,profile_2
29.702716750150984,-82.27693145448586,16,0.03,0.03,profile_2
29.701822107473443,-82.27778976137063,16,0.03,0.03,profile_2
29.701449337339263,-82.27796142274758,16,0.03,0.03,profile_2
29.706071589218524,-82.274614025897,16,0.03,0.03,profile_2
29.707637142431395,-82.27358405763528,16,0.03,0.03,profile_2
29.70912812280005,-82.27229659730813,16,0.03,0.03,profile_2
29.651625950561666,-82.33666919801783,16,0.03,0.03,profile_2
29.651924314591792,-82.33469509218287,16,0.03,0.03,profile_2
29.651998905461127,-82.3334934625442,16,0.03,0.03,profile_2
29.651998905461127,-82.3312618646438,16,0.03,0.03,profile_2
29.651998905461127,-82.32937358949732,16,0.03,0.03,profile_2
29.652446449516205,-82.32602619264674,16,0.03,0.03,profile_2
29.652371858978565,-82.3257687005813,16,0.03,0.03,profile_2
29.65229726838564,-82.32362293336939,16,0.03,0.03,profile_2
29.65229726838564,-82.31787227724146,16,0.03,0.03,profile_2
29.652222677737427,-82.31667064760279,16,0.03,0.03,profile_2
29.652222677737427,-82.31461071107935,16,0.03,0.03,profile_2
29.652222677737427,-82.31349491212916,16,0.03,0.03,profile_2
29.652073496275168,-82.32010387514185,16,0.03,0.03,profile_2
29.652073496275168,-82.32018970583033,16,0.03,0.03,profile_2
29.652222677737427,-82.32302211855006,16,0.03,0.03,profile_2
29.652222677737427,-82.32319377992701,16,0.03,0.03,profile_2
29.652521039998575,-82.32774280641627,16,0.03,0.03,profile_2
29.652073496275168,-82.30970856779408,16,0.03,0.03,profile_2
29.652073496275168,-82.30824944608997,16,0.03,0.03,profile_2
29.651625950561666,-82.30653283232044,16,0.03,0.03,profile_2
29.65088003661674,-82.30541703337025,16,0.03,0.03,profile_2
29.649611970223756,-82.30403080092178,16,0.03,0.03,profile_2
29.649813645486333,-82.30240528351318,16,0.03,0.03,profile_2
29.64899312506908,-82.30068866974365,16,0.03,0.03,profile_2
29.648470972230154,-82.29957287079345,16,0.03,0.03,profile_2
29.64765044086804,-82.29880039459717,16,0.03,0.03,profile_2
29.647063057066735,-82.29768459564697,16,0.03,0.03,profile_2
29.64586953800003,-82.29674045807373,16,0.03,0.03,profile_2
29.645571156022392,-82.29561112939166,16,0.03,0.03,profile_2
29.644974389413978,-82.29415200768756,16,0.03,0.03,profile_2
29.64452681213622,-82.29286454736041,16,0.03,0.03,profile_2
29.644158276566657,-82.29011980285598,16,0.03,0.03,profile_2
29.643792731128986,-82.29192224731399,16,0.03,0.03,profile_2
29.6428975640772,-82.2900339721675,16,0.03,0.03,profile_2
29.642226183565292,-82.2882315277095,16,0.03,0.03,profile_2
29.641853192457585,-82.28728739013626,16,0.03,0.03,profile_2
29.64110720609696,-82.28539911498977,16,0.03,0.03,profile_2
29.6402866147168,-82.28411165466262,16,0.03,0.03,profile_2
29.639242216015717,-82.2818425090272,16,0.03,0.03,profile_2
29.638645411894515,-82.28004006456919,16,0.03,0.03,profile_2
29.63827240752264,-82.27832345079966,16,0.03,0.03,profile_2
29.637575279226276,-82.27791059293324,16,0.03,0.03,profile_2
29.63697846522604,-82.27627980985218,16,0.03,0.03,profile_2
29.636456250074502,-82.27542150296742,16,0.03,0.03,profile_2
29.589726445597716,-82.43838819929421,16,0.03,0.03,profile_2
29.591219173536288,-82.43615660139382,16,0.03,0.03,profile_2
29.591666987611433,-82.43495497175515,16,0.03,0.03,profile_2
29.5924133399864,-82.43238005110085,16,0.03,0.03,profile_2
29.593010417911092,-82.43083509870827,16,0.03,0.03,profile_2
29.594652363983506,-82.42740187116921,16,0.03,0.03,profile_2
29.596891338287115,-82.42568525739968,16,0.03,0.03,profile_2
29.6004735938046,-82.41915671485603,16,0.03,0.03,profile_2
29.5983839602142,-82.42173163551033,16,0.03,0.03,profile_2
29.5983839602142,-82.42173163551033,16,0.03,0.03,profile_2
29.597189864439517,-82.42447821754158,16,0.03,0.03,profile_2
29.598085437595778,-82.42310492652595,16,0.03,0.03,profile_2
29.59898100280051,-82.4200150217408,16,0.03,0.03,profile_2
29.60121988102344,-82.41671783554666,16,0.03,0.03,profile_2
29.602766290486528,-82.4145959630036,16,0.03,0.03,profile_2
29.604855833278986,-82.4094796649626,16,0.03,0.03,profile_2
29.605602088069023,-82.40844969670088,16,0.03,0.03,profile_2
29.606497586527016,-82.40535979191573,16,0.03,0.03,profile_2
29.60784081930224,-82.40226988713057,16,0.03,0.03,profile_2
29.610160851516426,-82.39944582685278,16,0.03,0.03,profile_2
29.611653277046635,-82.39772921308325,16,0.03,0.03,profile_2
29.611951759501448,-82.394982631052,16,0.03,0.03,profile_2
29.61284720156329,-82.39275103315161,16,0.03,0.03,profile_2
29.61508577191897,-82.38836872032137,16,0.03,0.03,profile_2
29.61598118614127,-82.3871670906827,16,0.03,0.03,profile_2
29.61508577191897,-82.38922702720613,16,0.03,0.03,profile_2
29.6147872987439,-82.38974201133699,16,0.03,0.03,profile_2
29.614041111939553,-82.39128696372957,16,0.03,0.03,profile_2
29.613593397205555,-82.39197360923738,16,0.03,0.03,profile_2
